<?xml version="1.0" encoding="utf-8"?>

<!--
@name     Enhanced Manufacturers|Seo Backpack
@author   Andrii Burkatskyi, ocmod.space@gmail.com
@version  1.1.1
@link     https://www.opencart.com/index.php?route=marketplace/extension/info&extension_id=41991
@link     https://github.com/ocmod-space/ocmod-enhanced-manufacturers
@licence  https://raw.githubusercontent.com/ocmod-space/ocmod-enhanced-manufacturers/main/EULA.txt
-->

<modification>
	<name>#ocmod.space: enhanced-manufacturers|seo-backpack</name>
	<code>enhanced-manufacturers--seo-backpack</code>
	<version>1.1.1</version>
	<author>Andrii Burkatskyi</author>
	<link>https://www.opencart.com/index.php?route=marketplace/extension&amp;filter_member=ocmod.space</link>

	<file path="catalog/controller/startup/seo_url.php" error="log">
		<operation error="log">
			<search>
				<![CDATA[$url_info = parse_url(str_replace('&amp;', '&', $link));]]>
			</search>
			<add position="before">
				<![CDATA[
		/// << enhanced-manufacturers|seo-backpack
		if (isset($unify_check)
			&& strpos($link, 'product/manufacturer/info')
			&& strpos($link, 'manufacturer_id')
			&& strpos($link, 'path')
		) {
			$unify_check = false;
		}
		/// >> enhanced-manufacturers|seo-backpack]]>
			</add>
		</operation>
	</file>


</modification>
