<?xml version="1.0" encoding="utf-8"?>

<!--
@name     Enhanced Manufacturers|Seo Pro
@author   Andrii Burkatskyi, ocmod.space@gmail.com
@version  1.1.2
@link     https://www.ocmod.space/enhanced-manufacturers
@link     https://github.com/ocmod-space/ocmod-enhanced-manufacturers
@licence  https://raw.githubusercontent.com/ocmod-space/ocmod-enhanced-manufacturers/main/EULA.txt
-->

<modification>
	<name>#ocmod.space: enhanced-manufacturers|seo-pro</name>
	<code>enhanced-manufacturers--seo-pro</code>
	<version>1.1.2</version>
	<author>Andrii Burkatskyi</author>
	<link>https://www.opencart.com/index.php?route=marketplace/extension&amp;filter_member=ocmod.space</link>

	<file path="catalog/controller/extension/seo/pro.php" info="seo urls">
		<operation error="skip">
			<search><![CDATA[elseif (isset($this->request->get['path']))]]></search>
			<add position="replace">
				<![CDATA[elseif (isset($this->request->get['path']) && !isset($this->request->get['manufacturer_id']))]]>
			</add>
		</operation>
	</file>
</modification>
